{
  "entity.player.death": {
    "replace": true,
    "sounds": [
      "tiger/entity/player/player_death" ]
  },
  "entity.ghast.hurt": {
    "replace": true,
    "sounds": [
      "tiger/mob/ghast/scream1",
      "tiger/mob/ghast/scream2",
      "tiger/mob/ghast/scream3" ]
  },
  "entity.ghast.ambient": {
    "replace": true,
    "sounds": [
      "tiger/mob/ghast/moan1",
      "tiger/mob/ghast/moan2",
      "tiger/mob/ghast/moan3" ]
  },
  "entity.ghast.scream": {
    "replace": true,
    "sounds": [
    "xxx" ]
   },
  "entity.warden.listening_angry": {
    "replace": true,
    "sounds": [
      "tiger/warden_listening_angry" ]
  },
  "entity.iron_golem.hurt": {
    "replace": true,
    "sounds": [
      "tiger/mob/irongolem/hit1",
      "tiger/mob/irongolem/hit2" ]
  },
  "entity.warden.step": {
    "replace": true,
    "sounds": [
      "tiger/mob/warden/step1",
      "tiger/mob/warden/step2",
      "tiger/mob/warden/step3",
      "tiger/mob/warden/step4" ]
  },
  "entity.warden.ambient": {
    "replace": true,
    "sounds": [
      "tiger/mob/warden/idle1",
      "tiger/mob/warden/idle2",
      "tiger/mob/warden/idle3" ]
  },
  "entity.warden.sniff": {
    "replace": true,
    "sounds": [
      "tiger/mob/warden/sniff1",
      "tiger/mob/warden/sniff2" ]
  },
  "entity.warden.attack.impact": {
    "replace": true,
    "sounds": [
      "tiger/mob/warden/attack1",
      "tiger/mob/warden/attack2" ]
  },
  "entity.warden.hurt": {
    "replace": true,
    "sounds": [
      "tiger/mob/warden/hurt" ]
  },
  "ui.stonecutter.select_recipe": {
    "replace": true,
    "sounds": [
      "random/click_stereo" ]
  },
  "block.dispenser.fail": {
    "replace": true,
    "sounds": [
      "tiger/block/dispenser/fail" ]
  },
  "entity.player.attack.knockback": {
    "replace": true,
    "sounds": [
      "tiger/entity/player/attack/knockback1",
      "tiger/entity/player/attack/knockback2" ]
  },
  "entity.player.attack.strong": {
    "replace": true,
    "sounds": [
      "tiger/entity/player/attack/strong1",
      "tiger/entity/player/attack/strong2" ]
  },
  "entity.player.attack.weak": {
    "replace": true,
    "sounds": [
      "tiger/entity/player/attack/weak1",
      "tiger/entity/player/attack/weak2" ]
  },
  "entity.player.attack.nodamage": {
    "replace": true,
    "sounds": [
      "tiger/entity/player/attack/nodamage" ]
  },
  "entity.player.attack.crit": {
    "replace": true,
    "sounds": [
      "tiger/entity/player/attack/crit" ]
  },
  "block.bubble_column.whirlpool_inside": {
    "replace": true,
    "sounds": [
      "block/bubble_column/whirlpool_inside1",
      "block/bubble_column/whirlpool_inside2",
      "block/bubble_column/whirlpool_inside3" ]
  }}