{
  "entity.player.death": {
    "replace": true,
    "sounds": [
      "custom/player_death" ]
  },
  "game.neutral.swim.splash": {
    "category": "neutral",
    "replace": true,
    "sounds": [
      "liquid/splash",
      "liquid/splash2" ]
  },
  "entity.ghast.hurt": {
    "replace": true,
    "sounds": [
      "custom/mob/ghast/scream1",
      "custom/mob/ghast/scream2",
      "custom/mob/ghast/scream3" ]
  },
  "entity.ghast.ambient": {
    "replace": true,
    "sounds": [
      "custom/mob/ghast/moan1",
      "custom/mob/ghast/moan2",
      "custom/mob/ghast/moan3" ]
  },
  "entity.ghast.scream": {
    "replace": true,
    "sounds": [
    "xxx" ]
   },
  "entity.warden.listening_angry": {
    "replace": true,
    "sounds": [
      "custom/warden_listen_attack" ]
  },
  "liquid.lava": {
    "replace": true,
    "category": "block",
    "sounds": [
      "liquid/lava" ]
  },
  "liquid.lavapop": {
    "replace": true,
    "category": "block",
    "sounds": [
      "liquid/lavapop" ]
  },
  "random.fizz": {
    "replace": true,
    "category": "block",
    "sounds": [
      "random/fizz" ]
  },
  "ui.button.click": {
    "replace": true,
    "sounds": [
      "random/click_stereo" ]
  },
  "entity.iron_golem.hurt": {
    "replace": true,
    "sounds": [
      "custom/mob/irongolem/hit1",
      "custom/mob/irongolem/hit2" ]
  },
  "entity.warden.step": {
    "replace": true,
    "sounds": [
      "custom/mob/warden/step1",
      "custom/mob/warden/step2",
      "custom/mob/warden/step3",
      "custom/mob/warden/step4" ]
  },
  "entity.warden.ambient": {
    "replace": true,
    "sounds": [
      "custom/mob/warden/idle1",
      "custom/mob/warden/idle2",
      "custom/mob/warden/idle3" ]
  },
  "entity.warden.sniff": {
    "replace": true,
    "sounds": [
      "custom/mob/warden/sniff1",
      "custom/mob/warden/sniff2" ]
  },
  "entity.warden.attack.impact": {
    "replace": true,
    "sounds": [
      "custom/mob/warden/attack1",
      "custom/mob/warden/attack2" ]
  },
  "entity.warden.hurt": {
    "replace": true,
    "sounds": [
      "custom/mob/warden/hurt1" ]
  }}